target text,reconstructed text,similarity
i feel useless,i totally feel useless until I lose. He can kick me dead with any of his fuckin' life that he needs put,1.0
i feel so so so heartbroken,"i feel so terrible about letter yoga and began to meet with ten other Korean students, often crying when he unloaded their",0.8333333333333334
im feeling miserable today,"im falling, if someday defend your place after supper, waiting until morning, hoping to become unbearable miserable as soon",0.5
id feel terrible,id feel unpleasant talking of their own and trying to save their former country by walking back Home 20 80 million to be country,0.6666666666666666
i feel troubled and i,"i turn it into a weave, and it can't die.

Pokémon are miserable strangers walking with numbers you cannot",0.6
i feel hurt that,"when a man spoke up. "" it matters I feel stupid that I should have hurt themselves doing, but I'm sorry",0.75
im feeling so terrible,"im feeling exhausted and poorly supported. Governor Gordon was unable to understand his first wife, so she dragged his earth, and",0.75
i feel unloved and i feel alone,"i feel alone and he was lost, 15 (The chiefs alive had a proverb given to their time) to",0.8571428571428571
i feel sad,"i feel useless which is sad and likely wipe yourself off.""",1.0
i feel awful for it,"i feel awful taking this dirty stool down.
I felt so bad for doing it, and it hurts so",1.0
i feel so so so heartbroken,"i jump... has gotten a lot more depressing entirely. Staff, I read so bad",0.6666666666666666
i feel stupid,i know of you recently. I get up on my knees and I feel stupid exhausted the whipped whipops I,1.0
i feel i was punished,"i feel dirty.[18]
Peter was your father dead, after forced to died. E of '12,",0.8
i feels so lame,"i keep feeling like... the worst thing I've seen.

Oh, what? She feels so terrible.

",0.75
i feel humiliated i feel lost,i feel humiliated Kurdish men – that's the one we're going to listen to blame for suffering that poor people.,0.8333333333333334
i feel i was punished,"i continued to feel needy. I too thought it was going to die. Everybody burned half at the end. And,",0.8
i feel troubled and i,"i feel disadvantaged compared to other prisoners. Many of them.""He is poor. Hobbes, police say, and he",0.8
i feel helpless to do anything,"i feel inadequate to do anything to justify, IY in uniform over the poor suffering and lose my sentiments outlined in judgment",0.8333333333333334
i feel sad,i feel sad to do like to look upon it and wrongfully inhuman to be broke his mind! and so,1.0
im feeling quite lethargic,im quite annoying review. But this was very depressing.,0.5
i feel troubled and i,i feel boring and drained…,0.8
i feel i feel worthless,i get rid of would feel horrible.,0.8
i feel vain,i feel vain abroad he battles a boy only to lie down and be despised in death. If we should be able,1.0
i feel i feel worthless,"i feel like you're dead, after being of rape for Maulast Alans convicted for killing their 38 prison death",0.8
i feel defeated,"i feel defeated and without, 44 years of federal backing for one by their, and ravaged by reckless fan attacks",1.0
at my grandfathers death,i have been involved at my death with punishments ranging.18 died of 30 runbed for their own types 10 died,0.75
im not feeling like im worthless,"im not guilty') sorry, you mean like garbage. it should feel useless like you ""oc no money but",0.6666666666666666
i feel i was punished,i feel victimized. Harriet also was ruled responsible for their aftermath Marisa though ignited lynching irration following,0.8
i feel doomed to mediocrity,i feel doomed them to death awaited. By a corps of death spent. People for Murders for Millions Very DEAD,0.8
i feel i feel worthless,i feel miserable that 30 people have been paying any money to.,0.8
i feel low i feel guilty,i feel guilty of worshipping against 5 Jews from 6.1 to 13.4 going on 14.10,0.8333333333333334
i feel so so so heartbroken,i feel so horrible that he felt something rather dirty,0.8333333333333334
i feel humiliated i feel lost,i feel totally humiliated A FAKE time Allah have lost for not to (GET 12 IN AN AN I WASG,1.0
im feeling sad,"im going to eternity, of being sad of fuck. The only reason you and I feel the worst i'm really",0.6666666666666666
i feel more and more stressed,"i have to be hurt), Fred he's suffering more than five million adults in he ...bang and death.",0.6666666666666666
i feel i was punished,"i feel unloved,"" means slavery and suffering inflicted before them under the rule of an English government whose opium was almost universally",0.8
i feel troubled and i,i need to get an English K one because I feel awful and want to fucking die.,0.8
i feel foolish,"i feel foolish and dumb for my captain. His plan was always great and might revolutionize manhood.

I",1.0
i feel when i feel ugly,"i had lost.

I feel terrible that I forgot that book — when she went into battle. Sadly",0.8333333333333334
i feel very very disturbed,"i feel painful. with very little regard. ALL

Years Should I Have to Be Connected Down With",0.8
when i was in primary,i was handcuffed and re-set accountable when he was locked away in solitary confinement John Ephraola died,0.8
i feel absolutely terrible,"i feel absolutely terrible and don't know.""",1.0
im feeling so terrible,i feeling so terrible things.,0.75
i feel lame because of it,"i feel like I'm dumb too, and all of them... it sucks having no shelters out there all day because",0.8333333333333334
i feel ugly i feel undesirable,"i feel ugly unworthy. Marco, the Holy wasalaend, offered to go for them as if the question was,",0.8333333333333334
i feel troubled and i,"i feel messy and ruined.""",0.8
i feel bad for you,"i feel useless, then let me give you feel bad though. Its a sad.""",0.8
i feel sad,i feel you bastard totally lost you. I felt sad sad we lost you will never be in your life.,1.0
im feeling ugly lately,im feeling ugly and guilty.,0.75
i feel i feel worthless,"i feel utterly miserable.""",0.8
i feel low i feel guilty,i feel guilty and he froze everyone ever to come out of it works for even the black people. I choose,0.8333333333333334
i felt this weird feeling of forever alone,"i instantly felt that awful.""
I could not write the work of that man-style feeling, let alone this feeling",0.75
i feel remorseful about the pain and the damage,"obscene phone – why the Keltner sad and sad, living to our eyes. To wake up alone about",0.4444444444444444
i feel when i feel ugly,i feel very empty. Justifyー Even to yourself? You and yourself are not all to feel when they feel near,0.8333333333333334
i feel i feel worthless,"im feel bad do, but I belong to myself.Desown. People die i listen suffering, horribly killed",0.8
i feel blamed,"i am feel absolutely horrible."" Atriess had not blamed her sister at all, fact she love almost went and expresses",1.0
im feeling dull,im feeling dull and that has led people to become sad.,1.0
i feel very very disturbed,i feel very blank really felt.,0.8
im feeling so terrible,"im feeling terrible"" and they think it's done, they feel terrible for us to whom is.


",0.75
i feel so so so heartbroken,"i feel very useless. I was so sad!""",0.8333333333333334
i feel so so so heartbroken,"i can be so long, the intensity of the car you suffering is disappointing, it's terrible, you know, you",0.6666666666666666
i feel i was punished,i was D. D = respiratory determined death 1500 1932 (at death died d 157 died 218 [,0.6
i feel rotten,i feel rotten when some people desperately leave. The part about me has gone gone somewhere had left another people come out victims,1.0
i feel sad,i feel the same painful loss my bad! I am not going to die but this should prove our horror sad pact,1.0
i feel i feel worthless,i feel terrible at all. This is your feelings.,0.8
i feel this is unfortunate,"i like how bad this is, powerless. sorry. I, she is slaughtering, proclaiming her suffering.",0.6
i feel humiliated i feel lost,i feel that I lost him recently with what they let go. So except who had tried to like/ how blind,0.8333333333333334
i feel sorry,i feel so numb and I don't lost. And most of my friends and spouse feel sorry people simply do not know,1.0
i feel i feel worthless,"i feel terrible.""",0.8
i was like that and i feel i was sooo stupid,i ended up at a bloody end and that character was sad.,0.6363636363636364
im feeling sad,im feeling boring.,0.6666666666666666
i feel stupid,"i can people, I feel stupid that I am, seriously.",1.0
i feel sorry,"i would say simply, ""Octopus kills every single person you know. Just… When you die, you are sorry",0.6666666666666666
i want to cry but i feel numb,"i feel numb watching, I can lose now sometimes hopeless.


(Please feel quiet but I want you to know",0.875
i feel i feel worthless,"i feel inadequate that he is accusing you.

###",0.8
i feel i feel worthless,i also left to call. I really feel horrible that those people are dying out there.,0.8
i feel i feel worthless,"i feel shitty, e-mailing is more than it's deadly. The flicks are far more restrained",0.8
i feel so so so heartbroken,"i feel this awful, she is so few. When you think about it.",0.8333333333333334
i feel i feel worthless,"i feel terrible, get folded then.",0.8
i feel i feel worthless,i feel down. awful.arrrow,0.8
i feel i feel worthless,"i feel awful. They leave 326 of them i die wrote tomorrow will be trir died 'written murdered .""",0.8
i feel low i feel guilty,i feel guilty for buying the referendum they violated Democrats after few late-term president. But they didn't route,0.8333333333333334
i am feeling messy,i am feeling terrible…,0.75
i am feeling very homesick,"i am feeling horrible as very common or common it is this that you, me! go silence, I can be",0.8
i feel i feel worthless,i seriously feel terrible that guy with a taste of that he did.,0.8
i feel i feel worthless,"i feel inadequate to say that,"" Paul said to Tillerson. ""I'm thinking for God.'

Hass",0.8
i was feeling terrible,"i was feeling terrible for him.

Advertisements",1.0
i feel when i feel ugly,"i feel troubled yet when their characters die. Couldit ask us why we die.""



We are attacked with",0.8333333333333334
ive been feeling homesick,ive been feeling awful is centered on it.,0.75
i feel so miserable when i do,"i feel so dumb like only a child!

And when he was miserable because he never knew how long he'd",0.8571428571428571
i feel i feel worthless,i feel guilty. But she had done what. You fucking hanged a for. I fucking killed her. After,0.8
i feel troubled and i,i feel horrible and condemned to repeat human. I'm going to die. I'm the only person bailed't,0.8
i feel i was punished,"i feel terrible.

The young man went back, drunk, and was saved, and fewer wounded it",0.8
i feel so so so heartbroken,"i feel messy oh so terrible!""",0.8333333333333334
i feel sad,"i feel sad for the Iraqi. Honest, I can't join you. I grew up with only two,",1.0
i feel like i hurt him,"i feel so terrible. Drowned dying, hadd like how he'd all taken him – Drow all",0.8333333333333334
i feel bad for you,"i realise me, I feel terrible… they're both Zionist, but I don't feel bad for Israel,",0.8
i feel ignored,"i only feel ignored and ruined.""",1.0
i feel i feel worthless,"i feel defen torn, yet not pension women who never are. all, they did her look of,",0.8
i feel hurt that,"i try harder against has been to lose after losing losses in Super Zero to lose finals, losses that would hurt",0.75
i feel is exhausted,"i feel exhausted and is rated alone by her friends, saying that this is a few complete words.",1.0
i feel i feel worthless,i feel a terrible version of this.,0.8
i feel unloved and i feel alone,i feel alone and we are dealing with that. But we were all thinking we apologize. But a lot of things didn,0.8571428571428571
i feel its too messy,i will sit there. Has this somewhere? Murder too painful birth. It of its sadness of unbearable death in despair it,0.6
i feel i feel worthless,i feel shitty for orders.,0.8
i feel stupid,"i feel stupid girls that in their own asses, murders have been their broken up dead don animals hung long guns",1.0
i feel low i feel guilty,i feel guilty messing THIS year. …,0.8333333333333334
i feel useless,"i feel useless when you were not asked to feel bad"".",1.0
i feel i feel worthless,i feel horrible!,0.8
i must be feeling homesick,"i then can be avoided. .


Red Scorpion. death. I'm sorry. At suffering 4 I must",0.6
i feel just awful,i feel it awful is that at one time he has just quit.,1.0
i feel so so so heartbroken,"i feel so awful,",0.8333333333333334
im feeling the most submissive,im feeling terrible and they are the ones most to sad.,0.8
i just feel horrible,i feel really grubby I have just ended up feeling horrible later.,1.0
i feel i feel worthless,i also feel terrible!!,0.8
i feel troubled and i,i feel so troubled after their executives were fired at their own redneck ways. They left the jail and their townhouses,1.0
i feel sorry,"i feel useless, he´s sorry to poor his fortune outside",1.0
i feel sorry,i learned something that must feel painful about any whole time. I'm sorry to write this. But you are going,1.0
i feel troubled and i,i feel fucking dumb. She had taken her own family all her at her life and not be educated much. Because during,0.8
i feel i feel worthless,i feel terrible right now.,0.8
i feel and look terrible,i feel terrible and apologized for him. Like I DID.,0.8
i feel i feel worthless,i feel quite miserable working without a son.,0.8
i feel troubled and i,"i feel horrible and direct it into blackie alle. Sheber, far too late as he had investigated the fever",0.8
i feel that i am hated,"i realized i feel such terrible that in addition to you I am definitely sorry.""",0.8333333333333334
i feel i feel worthless,"i feel terrible; which ends up happening in the world before the world but then all, because eventually he arrives",0.8
i feel i feel worthless,i do feel terrible!,0.8
im feeling dull,im feeling very dull again. But I was disappointed who felt sad. I kept thinking he meant no one. It wasn,1.0
i feel so so so heartbroken,i feel so awful if you do not break down.,0.8333333333333334
i feel i feel worthless,"i feel awful, such horrible- lives by emerging a thing in my own death of going-phan of leaving",0.8
i feel i feel worthless,i feel are awful with you.,0.8
i feel rotten,"i feel rotten about it. They deserve to be stuck, God, sorry, poor jacket, and poor or call out",1.0
i just feel i feel defeated,i just want to play because people don't feel terrible and in hindsight i am pretty bad. that I have anchored on,0.8333333333333334
i feeling that needy,i feeling regretful that none of his friends will not be.,0.75
i feel so so so heartbroken,"i feel so alone. It's getting a bit sad.""",0.8333333333333334
i feel so so so heartbroken,i feel so awful when he's not dying.,0.8333333333333334
i feel i feel worthless,"i feel terrible.""..",0.8
i feel sad,"i lied to us.""


""Do all of ya want to feel sad dumb?""",1.0
i feel i feel worthless,"i feel awful!""",0.8
i hate feeling prejudiced,"i hate feeling awful and pointed every possible way, past facto. after giving them the signal plan again and now they",0.75
i feel i feel worthless,"i can only feel doom because he drowned.

Taylor nearly fell over before she grabbed for Terry's killed shortly after",0.8
im feeling really rotten today,im feeling really rotten,0.8
i feel sorry for,"i started out, with only 180-dead (but for him, he felt sorry 'Tim. His personal pain",0.75
i feel and look terrible,"i couldnt help me – in fact, could I be hurt? I feel terrible and you shoulda…

",0.8
i feel i was punished,"i feel is something terrible was done.""",0.8
i feel i feel worthless,"i feel horrible.""",0.8
i was feeling drained,i was feeling awful…,0.75
i have a feeling i would have hated it,i have a bit of rage but it still feels horrible.,0.6666666666666666
i feel stupid,"i feel ugly but in pictures


As she went to anguish of neglect and also flat stupid hurt one of everybody",1.0
i feel i feel worthless,i feel damn miserable too.,0.8
i feel like i have lost my balance,"i have shifted my way to jelly below500,000, I'm sorry, I'm sorry, I'm sorry,",0.5
i feel sad,"i feel less lonely and may feel guilty.
He could be consciously guilty thinking himself charged with. A sad thought sometimes",1.0
i feel i feel worthless,"i feel lame.""",0.8
i feel sad,i feel more sad what that was about man and at this time of my home and I realized really my home.,1.0
i feel i feel worthless,"i feel terrible coming on î where they are.

No regrets",0.8
i feel sorry,i feel terrible but I don't want to say sorry and can't do anything else.,1.0
i feel guilty about,i have a really nasty year I feel guilty about it!,1.0
i feel so so so heartbroken,"i feel dead, white, black, white goddess, unrestilled and so brutal they could be captured dead at",0.8333333333333334
im feeling sad,im feeling awful for yourself?,0.6666666666666666
i feel so so so heartbroken,"i feel so boring right now, really. Hopefully you're not really sad.",0.8333333333333334
i feel i feel worthless,i feel absolutely exhausted.,0.8
i feel really really devastated,"i canta, ddam, loliters, dasting me.)
I died really didn just die",0.6
i feel awkward,i feel awkward and terrible.,1.0
i feel unloved and i feel alone,"i feel awful, alone for a long time. and I think I'm missing like I am. I could",0.8571428571428571
i feel i feel worthless,i feel terrible if he fails.,0.8
last year,"im still feeling miserable last year but after a dream to make it home.

Michael A. Medina — for",1.0
i woke up feeling melancholy,"i woke up at 11:01 am. Sorry, party is dead still in Bihar. Lest you be depressing mom",0.6
i feel i feel worthless,i feel really dumb?!,0.8
im feeling a little guilty,im feeling a little guilty conscience. Monica is imprisoned. The Bushes and guilty lineleaders for executing greatest of all -,1.0
i feel i feel worthless,i feel like terrible enough.,0.8
i feel bad for you,"i feel terrible. Both sides feel bad for themselves,",0.8
the death of a relative,this happened a year of suffering drew this addition to what metaphills suicide and death still are. That they'm suffering from,0.6
i feel so so so heartbroken,"i feel awful, too. That no, you could express for yourself – but there's only so much left",0.8333333333333334
i still feel awful,"i feel so awful book book about him, but still feel they are not as bad. It follows said, """,1.0
im feeling so terrible,"im feeling so so terrible!""",0.75
i feel i feel worthless,i feel exhausted taking this bright man. He feels you all need this sick fucking shots. TICK & PICK,0.8
i feel sorry,i feel so useless to this. she won't let me die tonight now feel sorry SHE TRIES this I'm even,1.0
i feel i feel worthless,i feel of horrible hopelessness.,0.8
i not feel ashamed,"im not making any apology but I feel ashamed for somebody, did I feel about this.",0.75
i feel i feel worthless,"i feel shitty about. Actually, I am rather stupid. [2]",0.8
i feel guilty for that,"i look forward, that is. If I'm miserable, I'm sorry. I'm depressing, the period for",0.6
i was feeling just horrible,"i was feeling to himself."" I felt such a horrible feeling….so one time. ""I'm…sorry, I",0.8
im not feeling like im worthless,"im feeling lame, like it's not in the little poverty you think you have lost — there is a matter of",0.8333333333333334
i feel ugly i feel undesirable,"i feel ugly again. Just . I do know her, oh sorry.

Tomorrow. But I run away.",0.8333333333333334
i feel humiliated i feel lost,"i feel humiliated and innocent.""",0.8333333333333334
i feel humiliated i feel lost,i feel humiliated in Syria's ongoing civil war…ranked second to a Syrian oil executive resigned one day after a beheading,0.8333333333333334
i feel i feel worthless,i feel like miserable,0.8
i feel sad,i feel empty and it is totally amazing. It was a really sad experience.,1.0
i feel i feel worthless,i feel massively inadequate!!!!!,0.8
im feeling guilty about,"im feeling it lost that was painful about getting to come. Weiss nearly quit half year to her family, the",0.75
i feel i feel worthless,i feel how miserable she is.,0.8
i feel sad,"i sometimes feel sad at least 16, but with one in the worst.",1.0
i feel like im numb,"i feel like numb their soul ends because they are unable to take closer, their posts will never go up.
",0.8
im feeling sad,"im left feeling exhausted? Stop speaking, let me look at myself... I have things ashamed to myself... I'm sad",1.0
i feel when i feel ugly,i feel disturbed that Morales should express his theological conscience on Friday night when he met with a long say on a single,0.8333333333333334
i feel emotional,i feel very emotional dying.,1.0
i feel that i am hated,"i only feel sad? Like you, I can't even decide if I am alone at that moment.",0.8333333333333334
i just feel i feel defeated,"i feel guilty for both of them.""

Bill C was a day t. 98. 40 Please just",0.8333333333333334
i feel hurt,i feel rejected hurt in school,1.0
i feel i feel worthless,i feel rather dull.,0.8
im feeling guilty about,"im feeling guilty for having upended this,
Mila dis Ota's suicide
I couldn't even",0.75
i feel i felt numb,i feel. I lost a man. We felt like that we felt nineteen just kinda am.. after that this,0.6
i feel so so so heartbroken,"i feel so blank, dead dead the middle, she can feel her emotions. Even now she knows at all she never",0.8333333333333334
i feel i feel worthless,"i feel that terrible.""",0.8
i feel i feel worthless,"i feel that my person didn't know my life."" I feel terrible because I'm still sad. Currently fasting nearly 20",0.8
i want to feel your suffering,"i choose to call it your future misery. You think you shoot yourself, shame secretly for crying after suffering all of it",0.6666666666666666
im not used to feeling dumb,"im not allowed to accept rest for um, how would that guilt a man? His only suffering for a queer suffering for",0.5
im feeling sad,"im feeling really numb, its like in the sad part.

So sad.",1.0
i feel i feel worthless,"i feel profoundly embarrassed""",0.8
im feeling so very low,im feeling something so awful? (I'm a person who is willing to be fast and is very stubborn.) I'm,0.8
i just feel horrible,i didn t know how to feel. It just felt horrible with me. It's the thing which is that it,0.75
im feeling so terrible,im feeling terrible he became sad.,0.75
i feel bad for you,i feel bad not for them.,0.8
i feel so so so heartbroken,i feel so dull.,0.8333333333333334
i feel sad,"i spent two years in jail for the sad outcome of the collapse.

The jar, came circled.",0.6666666666666666
i feel so terrible for them,"i feel so fucking terrible for Cat second: I feel so stupid. If I've seen the, thenwell, I",0.8333333333333334
i feel embarrassed for myself,i feel embarrassed for myself,1.0
i feel i feel worthless,"i feel terrible to experience?"".",0.8
i feel hurt,"i feel unloved. I feel too hard to go. I felt dirty in his dad son, and my daughter hurt",1.0
i feel depressed,i feel depressed with her...,1.0
i feel sorry,i feel ugly her grip. But didn't leave suffering through it and lets sorry sorry and blamed a measure for Scotland,1.0
i started feeling crappy,"i started throwingcha...jacejige... ...die? I lost, you know... rage...--",0.5
i feel i feel worthless,"i usually feel miserable"".",0.8
i still feel awful,"i feel awful for the whole family. ""The bad saying still wasn't really ... the hats had to say",1.0
i feel emotional,i no longer-ideology strategy has apologized to me for my ongoing loss. Did it feel the same emotional hurt,1.0
i feel humiliated i feel lost,"i feel awful, any of being, I would lose they've lost their twenty that has been or even was",0.8333333333333334
i feel so so so heartbroken,"i feel so horrible, sorry; the me must bring you love her.""

Louis is telling and she,",0.8333333333333334
i was feeling drained,"i was feeling awful, thinking about it and doing it out wanting to hurt him in, because personally. There were",0.75
i feel i feel worthless,"i feel horrible!

It is literally, not the right. It's crazy over me, I'm",0.8
i am feeling lost,"i remember feeling awful.

I would not be lost – after writing, they funds went between both about Stern",0.75
i feel i feel worthless,"i had been praying for no but I feel horrible. "" I'll only waste overdo it.) To first I have",0.8
im feeling sad,"im feeling terrible, but she sad about it. Somehow regardless, her health in a effort to support herself,",1.0
i feel stupid,"i look back at these past years, since we knew I was hurting. I feel stupid feeling like everything so bad was",1.0
i feel i was punished,i never ever have to go through it. I had zero regret I was speaking about people about 30 million people these awful,0.6
i do that i feel low i crave,"i tried, Falwell died of that fall, 3029/30). Greed, tragedy rolls only.",0.5
i feel i feel worthless,"i feel terrible is probably to people among them. Not the mistake. Yeah, I'm sorry.",0.8
i feel i feel worthless,i feel all unfortunate things saddens me. Every have a miserable life. And every make a miserable one.,0.8
i feel so so so heartbroken,i can fit. I feel awful at this. I feel so bad.,0.8333333333333334
im feeling shitty already,im feeling shitty i did,0.75
i feel very very disturbed,"i feel very terrible.""",0.8
i feel i feel worthless,i feel doomed,0.8
i feel sorry,i feel such horrible thoughts). I am so sorry that I rate you stupid.,1.0
i ask feeling humiliated,"i believe feeling terrible? Really? Oh, what did he ask you? Really would have killed him. Fuck,",0.75
the death of a relative,"im feeling much, has lost the blame after a high death of self-aphealing followed for twelve years rest",0.8
i feel i felt numb,"i once again felt terrible.

Advertisements",0.6
i feel bad for you,"i feel more horrible. I will swear I know this now now now, I will inflict worse than you feeling for",0.8
i feel i was punished,"i feel lame and he was sorry,",0.8
i feel troubled and i,"i feel that you're dead, Mr. Mrs. Eddy, and you continue arguing something to leave the case",0.8
i feel sad,"i didnt feel guilty now, really. I feel so sad me. I have my guts shoved away so much better",1.0
i feel i was punished,"i feel abused misideses that was what my sisters did. Those did not screw up my own school,so I",0.8
im feeling shitty already,im already feeling numb.,0.75
i feel hurt,"i try to come this hurt while I'll miss just writer, fallen to a die 4 people reviews, lost 16",0.6666666666666666
i feel i feel worthless,i feel today blank for having passed way 117 of deads dead for 26 of 46 23 diedji have died appalled 167,0.8
i feel so so so heartbroken,i pussy hurt. So sad. I feel so fucking horrible over every time.,0.8333333333333334
i feel devastated for them,"i feel guilty, given for their conscription of their death whofor leaving them ninth, of affaling their",0.8
i feel i feel worthless,i feel lame.,0.8
i feel like i am useless,"i feel useless like Bruce. I am too sorry.""",1.0
i feel bad about,i feel bad about things like saying. I haven't murdered you again.,1.0
i feel so so so heartbroken,"i feel so empty.""",0.8333333333333334
i feel troubled and i,"i didn t feel, I screamed, just three days Iraq, and died there. All of the suffering cleared by death",0.6
i feel very very disturbed,"i worry that this may very well end up above me. this truly feels terrible (out of people, why would you",0.6
i feel i feel worthless,i feel ashamed by killing itself – without ending the character. It wouldn't have prevented them. He realized that,0.8
i feel absolutely awful,"i feel absolutely awful in a magical place.

I'm very ashamed. Very sad. Even though he was",1.0
i feel sad,i feel humiliated what it's done. I'm not that sad to be expected to be even have a moment like that,1.0
i feel sorry,i hear her screams to Oggdies hold you outside their shattered place mourning. Looks like she first before I'm sorry,0.6666666666666666
i feel sorry,i know based on that. I feel sorry for. robbed people H lost lost 4 (i if it's how real,1.0
i feel i felt numb,"i just felt awkward.""",0.6
i feel i feel worthless,"i feel terrible now. I don these day feel.... I am about all in myself, I watch you how",0.8
i just feel horrible,i sometimes feel horrible for the way theUS/had told people which did not get their pick. I just folded,1.0
i feel sorry,"i feel dull i have to put it at really bad time.

5. I'm sorry, I'm sorry",1.0
i feel sorry,"i just feel blanking. I remember theist, whom I feel guilty of, I'm sorry for and I feel",1.0
i feel humiliated i feel lost,i feel terrible . This is my moment…and you don't forget …you lost it…so much???,0.8333333333333334
i like feeling empty,"i scrub, slapped a face on me with d - shoulders feeling sad] like poor man!). Sorry, because",0.75
i feel sad,"i feel horrible from that mistake. Try to take part in apology, which is very sad what I did. go",1.0
i feel i feel worthless,i feel disturbed but dirty about. And he sees his feelings.,0.8
i feel her suffering,i started geared up to unhister 'hit'. The messenger killing her that I know now and has been suffering,0.75
i was feeling drained,"i was feeling ill, and denied that $20,000 in wages were paid over for their poor filming within a",0.75
i feel troubled and i,"i feel dirty,
middle a baby aroused and are vulnerable to become destroyed. Deceased, she arrived in",0.8
i feel i feel worthless,"i sometimes feel unbearable all in this musical indictment.""",0.8
i feel i feel worthless,i feel utterly sad.,0.8
i feel so so so heartbroken,"i was spoiled, so I'm sorry. What is the other person's part. Repel you every night.",0.6666666666666666
i feel so so so heartbroken,"i really feel unfortunate and stream so outna everyday discussed.

Track a close friend so he herself was sorry.",0.8333333333333334
i feel sorry,"i feel empty without it's that moment.

I'm sorry for you.

I hear one.
",1.0
i am feeling much gloomy,"i am feeling ill... and suffering now to be forced into gas!). Because of this case, I die much suffering",0.8
i feel i feel worthless,"i feel awful.""",0.8
i feel i feel worthless,"i feel terrible.But I promise you, I promise.",0.8
im really feeling bad,"im feeling more terrible. And I'm feeling bad for those people, too.",0.75
i feel sorry,"i wanted to be."" He just stopped and poked at me and stopped saying sorry.""I feel sorry who assaulted",1.0
i feeling so disturbed,i feeling so terrible.,0.75
id feel terrible,ive written creatively by my little brother. What does it feel terrible or painful from killing myself? I don't understand,0.6666666666666666
i feel i feel worthless,i feel really lame,0.8
i feel i feel worthless,i take i feel personally sad…,0.8
i feel troubled and i,"i feel awful and sad"".",0.8
i feel sad,"i feel terrible, a sad",1.0
im feeling sad,"im left feeling sad and sister hurt for her other town. She did!!!

So much hurt and never work",1.0
i feel i deserve i get depressed,"i get misinterpreted with!)

Except here's where my parents were all I needed to be miserable,",0.5714285714285714
i feel worthless,i feel worthless i am angry guilty where e feel indirectly e u die i face im & the i get there i feel,1.0
i don t know how i felt how i feel resigned i suppose,"i notice and then he gave them home. There I felt miserable about how everyone felt, and didn't know",0.6153846153846154
i feel i feel worthless,"i still feel stupid""",0.8
i just feel horrible,"i love the time will feel horrible

10 just let me last it will never end before

and i",1.0
i feel sad,i feel completely numb from being so hurt and so very sad about losing a time. I feel just tricked into to die,1.0
i just feel i feel defeated,i just feel awful. I don't feel bad over it and the world and I will feel bad and it will,0.8333333333333334
i feel sad,i feel pathetic really from that center back feeling like I'm sad I'm about his selfish goal he couldn't really look,1.0
i feel i feel worthless,i feel football players don't feel all that horrible…,0.8
i feel deprived of sleep,"i feel deprived of other option over late federal sanctions he faces for a their worst disaster, with some a death",0.8
i feel so so so heartbroken,i feel so terrible.,0.8333333333333334
i feel i feel worthless,"i would feel terrible.""",0.8
i feel pathetic,i feel pathetic for not accept — until she truly had heard_. There was probably worse though. Worst said suffering I'd,1.0
im stressed and tired and feeling depressed,"im talking about ""sheer, I was maybe depressed and I seriously should to be sad. I kinda really should",0.5714285714285714
im feeling sad,"im feeling beaten by Mrs. Ebar or everything.""",0.6666666666666666
i feel so so so heartbroken,"i feel so awful.""",0.8333333333333334
i feel so so so heartbroken,"i feel so awful.""",0.8333333333333334
i feel sorry,i feel terrible-including your kids are not even experience my actions....you are sorry this game that i can,1.0
i was felt feeling disappointed,i reckon episode feeling awful. But I was therein He!I often felt bad that things these examples could happen because I,0.8
i feel so dumb to be so,"i feel like...half fact. story of their minds lay shattered, but they become come to be in so much",0.8571428571428571
i feel i feel worthless,"i always feel terrible.""",0.8
i feel i feel worthless,"i feel really miserable [ ], they blame me come now...",0.8
i feel sad,"i have a dream, for example, I will always feel very sad and politically stupid. In a way there is",1.0
i feel sad,i feel from a girlfriend crying and that love wrecked 11. 2018 to be sad my story_ who ran into the horrific,1.0
i feel troubled and i,i feel rejected and broken.,0.8
i feel sorry that i said that but,"i often felt very bad.


People said that there was this chaos worry that these struggle because she",0.625
im feeling a discontent,"im feeling gloomy. His soul at too was lost, sorry for a really long of life.",0.75
i feeling boring,i start feeling terrible. And maybe.,0.6666666666666666
i said it i feel rejected,"i said jess what you think? Like suffering is sad. It's painful, but you don't feel it I",0.8333333333333334
i feel i feel worthless,i feel horrible afterwards.,0.8
i feel i feel worthless,"i feel terrible if they did leave in my life answer specifically, I will be sorry. I've been thinking",0.8
i feel i feel empty,"i feel empty and already forgotten.""",1.0
i feel i feel worthless,"i feel that awful."" It doesn't really feel that bad.",0.8
i feel when i feel ugly,"i feel terrible. "" the first. Here she's sad, we asked talked about it when we talked about",0.8333333333333334
i feel so so so heartbroken,"i will be honest things fell from me. I know. I so feel horrible. I am but a person.
",0.8333333333333334
im feeling damaged today,im feeling so damaged that MRE lived to lost to as many lost years if she didn't survive their death means,0.75
i feel i feel worthless,"i feel extremely horrible, hurt.",0.8
im feeling so terrible,im feeling so terrible.,0.75
i feel worthless,"i feel worthless to my heart""Benning right now...",1.0
i feel i feel worthless,i feel really terrible.,0.8
i actually feel hurt,i wont leave it; and I don't feel guilty that to actually let them tell me what my hurt is,1.0
im feeling sad,"im suddenly feeling terrible, since he had said, in there before be, few people remember.

---then",0.6666666666666666
i feel awful for it,i feel awful for things he knows.),0.8
i feel i was punished,"i feel sad. Back. But the only thing that was stolen are the people that are doing it, are",0.8
im feeling dull,"im feeling dull and maybe they feel guilty. Yeah, maybe SOME that's too hopeless."" he said. ""You were",1.0
i feel i feel worthless,i feel miserable playing.,0.8
i feel i feel worthless,i feel really shitty for being sad.,0.8
i dont hate it but i feel awkward in it,"i can get but it feels tragic in the face of anything with three people, the first split…stood for",0.6
i felt guilty for not feeling guilty,"i feel unhappy to let out. Man, not so bad? Do they felt guilty for me? It's so",0.8571428571428571
im just feeling jaded,im the worst person to go acam I just died. I may the sorrow ever die one with the feeling of human,0.75
i feel is it fake,i feel awful. But tonight is part of it,0.8
i feel so so so heartbroken,"i feel so alone.""",0.8333333333333334
i feel i felt numb,"i also immediately felt miserable.""

Advertisements",0.6
i feel numb a lot,"i tried cramming out, to show that my don't feel awful, is not a lot to be - I",0.8
im just feeling so lousy,"im feeling so dumb, none of you, so sorry that you're just sorry.",0.8
i feel awkward now i feel bad,i feel bad i broke. i know how i just next is just like i burned all i feel like now,0.8571428571428571
i feel stupid,i feel stupid because the vision of and I feel is so bad.,1.0
im feeling so terrible,"im feeling terrible at losing, I'm totally aware of it. I feel guilty feeling that it can only up",0.75
i feel low i feel guilty,i feel like i broke. I hesitated and wasn't guilty. Just states… def really felt guilty. Staying guilty,0.8333333333333334
i feel i feel worthless,i feel extremely terrible.,0.8
i feel i feel worthless,i feel terrible?,0.8
i feel so so so heartbroken,"i feel tragic.

I am not going to sleep. I am not going to die so borrowed a",0.8333333333333334
i feel sad,"i put weight on my shoulder, thinking my shoulder was painful. One sad town there was only five people. I felt",0.6666666666666666
i feel as if i am humiliated,"i am cozah Citannon, as President. Seven [George II Photo Died of death of her 103 death on",0.5714285714285714
i feel i feel worthless,"i feel shitty about it.""",0.8
i feel i feel worthless,i would feel miserable.,0.8
i feel when i feel ugly,"i don't believe that they should feel miserable from this week, and that I'll be... ' when you",0.8333333333333334
i feel i feel worthless,i feel awful:,0.8
i feel sorry,"i feel sorry ""She didn't had 'Sirre died with 1718 died murdered by denialtta paramis",1.0
i feel i feel worthless,i feel awful about themselves?,0.8
i feel i was punished,"i return home.Return was sad, an American terminator. As much of it took their place and have should",0.6
i know is i feel ashamed,i know i'm deadwatching you miserable people.,0.5
a young,im feeling so miserable) fellow young survivors.Rap: But it was not never a choice. It couldn't be.,1.0
i feel so so so heartbroken,i feel so terrible in RA.,0.8333333333333334
i feel i was punished,"i feel a dose of medicine.

The doctor, who could swear, was dead. He died at the",0.8
im feeling sad,"im feeling sentimental. I'm sorry, but I'm not...",0.6666666666666666
i feel i feel worthless,"i feel utterly hopeless of him.""",0.8
i feel so so so heartbroken,i feel so useless.,0.8333333333333334
i feel a bit sad,i feel numb a bit sad.,0.8
i feel i feel worthless,"i already feel like she ruined the public fan.

People want me guilty.",0.8
i feel so so so heartbroken,"i feel humiliated. But not so / hurt.

I talk to r his first apology, when we lost",0.8333333333333334
i feel i feel worthless,i feel like dumb.,0.8
i feel sorry,"i feel extremely sad, I am sorry for you as well. I don´ hope we never broke any of the",1.0
i feel i feel worthless,i feel that terrible.,0.8
i feel i feel worthless,i feel lame. I should then forgive. I'm sorry.,0.8
i am not i feel hopeless,i feel terrible. I have no idea what this to say. I feel terrible about it. I am not,0.8333333333333334
i feel awful for it,"i feel freaking awful for is,",0.8
im feeling is unhappy,im feeling really terrible. Yes I do think I am.To me that is that I cannot come in no,0.75
i feel so so so heartbroken,i feel so dumb.,0.8333333333333334
i just feel so shitty,i feel shitty because I know what it was like is so dumb. I said to just say as bad as comments,1.0
i was feeling drained,"i was feeling terrible.""",0.75
i feel humiliated i feel lost,i feel humiliated at that.,0.8333333333333334
i feel so so so heartbroken,"i feel so awful about two out of the friends, she says on his way out of his state. """,0.8333333333333334
i don t feel deprived,"i don t feel terrible about it. … Please.""",0.8
i feel i feel worthless,i feel a dull.,0.8
i am feeling messy,"i am feeling terrible.""",0.75
i just feel humiliated,ill just feel humiliated in his own thoughts. It as he's and he is is deeply ashamed of himself.,0.75
i feel troubled and i,"i hate shows to the mind office. After the victims of the life ended, those victims turned to those suffering and suffering",0.6
i feel bad for them,"i feel bad for them if it's their world but themselves.""",1.0
i feel i feel worthless,i feel disturbed,0.8
i feel sad,i know nothing feel bad of yourself say 'on camera it we broke US/Ronich sad many die across.,1.0
i feel i feel worthless,"i feel terrible, go go up a high in the Castro say death because this usually, close, you died,",0.8
i feel i feel worthless,i could feel awful. Next,0.8
i feel sad,i feel awful for the sad young women those are constant suffering. Do nothing and something is just continues and more,1.0
i are all feeling crappy,"i suppose they didn't happen at all but we don't know him, our minds are seriously horribleTim guys do you",0.6
i feel i feel worthless,"i feel horrible, though.",0.8
a young,during a demonstration ended in death by Marlene. Was sad; moaning felt guilty...,0.5
i feel i feel worthless,"i personal feel disturbed.""

""I'm all at this. Just teased that I think that's all they said",0.8
im feeling sad,"im feeling awful.""",0.6666666666666666
i feel guilty for that,i remember feeling humiliated that a person should feel guilty for telling a person.,1.0
im thankful for feeling shitty,im here feeling shitty for arrested and blamed. It's too bad.,0.8
i was feeling lonely and lost,"i was feeling sad. I lost it never did and I was like so distressed.

smoke was real",0.8333333333333334
i feel absolutely awful,"i feel absolutely awful about?
Oh I accept this wrong.",1.0
i feel i feel worthless,i feel this terrible.,0.8
im not feeling heartbroken,"im not feeling gloomy, and so, and sad.",0.75
i feel very very disturbed,i feel very terrible.,0.8
i feel very very disturbed,i feel very terrible.,0.8
ive had enough feeling hurt,"ive had phases.""

Half penalty. Smoking was illegal. their's with. Chatsu died of 15 like",0.4
i feel terrible and am exhausted,"i am often made this contact feel terrible for me, and I feel a terrible being detained. No, I can pick",0.8333333333333334
i feel i feel worthless,i hate how such things feel horrible.,0.8
im feeling sad,im left feeling miserable.,0.6666666666666666
i feel sad,i feel awful. I don't know if this will be a man or woman but I'm thinking sad for,1.0
i feel i was punished,"i felt it was impossible for her. I should have found that.

""Oh, it's miserable, but",0.6
i feel i feel worthless,i not feel miserable.,0.8
i am feeling so drained,i am feeling pretty worst about you know I hurt sometimes like have like like you're so bad people somed you like,0.8
i feel like i was foolish,"i feel like got a little sad…!!!

When I was stopped by what I said I communicated to",0.8333333333333334
i feel i feel worthless,"i feel terrible its.) He suffered nearly—sunken, some of reaching more than 120 deaths then —almost,",0.8
i feel sorry,i feel guilty I will be wanting me too COURI or sorry Chiefs who were so and think who,1.0
i just feel i feel defeated,"i sometimes feel like dying can feel terrible sometimes. Sometimes, it is just bad leaving work, dealing with that shitty day",0.8333333333333334
im feeling quite lethargic,im feeling quite terrible. I know that. But I feel very ashamed about this. I should have it. I,0.75
i feel unloved and i feel alone,i could feel their families broken and unable to stand up to fight at all. That alone is a tragic outcome for me,0.8571428571428571
i feel sorry,"i feel terrible for some, sorry. But I'm sorry for saying",1.0
i feel sorry,"i feel terrible for death we are sorry do not think they have that, this will all hour I for know take like",1.0
i feel so so so heartbroken,i feel so miserable.,0.8333333333333334
i feel sorry,"i still feel weepy that he've said, as it is, sorry to say. But from now, I'm",1.0
i feel sad,"i feel awful. It's so hard for this to group there, being lost and sad too.

",1.0
i just feel i feel defeated,"i feel very miserable. I'm just going to look you in the eye. I am ill."" And in",0.8333333333333334
im feeling sad,im feeling heartbroken…,0.6666666666666666
i feel sad,did very sad but then these movies became very big. I feel guilty whatever you did and he will now make,0.6666666666666666
i feel i feel worthless,"i feel stupid. I've always felt bad.

Thor…inn, sorry.",0.8
i feel i feel worthless,"i feel stupid), a blind doesn't roll his mind shut on the principle of an individual, is on a quest",0.8
i feel empty and lost,i felt like suffering at being betrayed. They felt lost every moment and every day. Those stories were different. Historically,0.6
i feel i feel worthless,"i feel sad: we hung on the mother's thinking? Oh my fucking H... for how long, I",0.8
i feel i was punished,i feel more miserable. But a poor man precisely who was no better than herself. His life depended upon him. Millions,0.8
im feeling sad,im feeling numb.,0.6666666666666666
i feel hurt,"i didn t her to feel hurt everybody. He said he loves him, he couldn't feel bad on him.",1.0
im feeling sad,"im done feeling shitty.

Oh this was going to be a sad experience.",1.0
i feel so dumb to be so,i dont want to be sad. This momf thinks she lost but that is depressing.. we are so much gone I,0.7142857142857143
i feel awful for it,"i actually feels awful, specifically for both of us right now, she escaping in the same. You know it",0.6
when i was in primary,i bought this amp when 3617 died there took his former sheriff Daniel Holden in 1814. His death was interrupted 14,0.8
i feel sorry,"i feel awful for wave after their own letdown at the end of turning.

We often feel sorry",1.0
i feel it s horrible,"i feel its horrible last dead Anfield final, sing it from the Royal Blood haved died out, this us",0.8
i feel troubled and i,"i feel messy and between Dan's tight, tall, their place. His dick's hitting me already tight. I don",0.8
i feeling that needy,i were to his coffin. He had no one to say hello that He said he had been feeling worse dead than,0.75
i am feeling very sorry for myself,"i am feeling particularly awful.""

Thank you so much for your amazing work. I am so very sorry that I",0.8571428571428571
im feeling sad,im feeling terrible.,0.6666666666666666
i feel i feel worthless,"i feel burdened. They were at the same crippled women. As you all know, she's Fat. She",0.8
i feel that i am hated,"i feel that I am sick for ""being dead"" at one point before she was supposed to die. And I",0.8333333333333334
i feel i feel worthless,"i feel like I'm miserable here.""",0.8
i was feeling terrible,"i was feeling terrible for everyone, so we work together and switched. A little time alone was gotten lonely for us",1.0
i feel so awful about that,i feel so awful about what I'm with. I am so sorry. I am going to show that I believe,1.0
i feel i was punished,i feel terrible by that admirable gesture before her father was dead and disappeared in the courtyard. Dante contracted a fever,0.8
i feel sad,"i always feel alone. It is sad. Oh, it is so sad you have it so that you are so doomed",1.0
i feel sad,"i feel sorrowful for my 1 year. I miss it It's way too sad on the way, than miss you",1.0
i feel emotional,i feel on an emotional saying. The way that feeling would be painful then. I am feeling terrible about being here that,1.0
i feel i felt numb,"i truly felt powerless. Really.

The indefensible rest are stupid, despair. Cutler thinks in terms of",0.6
i feel i was punished,i feel constantly punished for telling their lives unjustly extinguished in the middle of their fission imprisonment considered to have been (,0.8
i feel hurt,i love my job 68% of all of all the bravin gets hurt in my last 60 all of those in a,0.6666666666666666
i feel i was punished,i pause; man dies within a few but be murdered for the tests of thehe test results – because punished,0.6
i just feel i feel defeated,i feel just terrible.,0.8333333333333334
i feel i feel worthless,i feel terrible.,0.8
i feel sad,i feel like i'm sad that some of the guys got kicked.,1.0
i feel so awful about that,"i feel awful about everything that I are taking forever because other people by leaving him, because he believed that I",0.8333333333333334
i feel i feel worthless,"i feel guilty, while protagonist doesn't want to die. makes it sad, know they never wrote their death",0.8
i feel sad,"i feel so fucking sad that I'm clinging on to her. I'm so sad.""",1.0
i feel sorry for,i can never do what he said. But maybe he feels negative himself and everyone feels that he is sorry for him.,0.75
i feel sorry,i feel lame is a failure to like their parents - and I don't be sorry we'rent sorry people -,1.0
im feeling sad,im still feeling miserable.,0.6666666666666666
i feel i feel worthless,"i make my phone. No... I'd really feel terrible.

Also, though, there's really nothing",0.8
i feel sorry,i feel dull when you feel sorry for...,1.0
i feel bad about,i feel bad about us intrany marriages.,1.0
i am feeling messy,i am feeling unfortunate.,0.75
the holidays come to an end,"im coming to us will end us.""


I'm sad. It's the damn Asian world. I",0.5
i feel sad,"i have to either feel sad that he has done! His family and myself, it's its '(or the",1.0
i feel troubled and i,i feel troubled because of:,0.8
i feel terrible for you,i feel that it is terrible about it when you feel horrible about it hopeless. I'm feeling terrible about it for others,1.0
i feel i feel worthless,i feel like hurt. They've been nearly driven to death after the teens of Kiyoshi Azuma spent seven,0.8
i feel i feel worthless,i would feel terrible too.,0.8
i feel sad,"i feel guilty and so I think, so because everything se sad to see this place, but also politically opposed",1.0
i feel emotional,"i feel emotional to me now, I'm really sorry, so sad, my age doesn't mean that. I",1.0
i feel i feel worthless,i feel awful)den.,0.8
i feel i feel worthless,i feel really miserable.,0.8
i feel i feel worthless,i should feel terrible.,0.8
i feel i feel worthless,i actually feel terrible.,0.8
i feeling boring,"i start feeling terrible.""",0.6666666666666666
i feel i feel worthless,i feel more miserable.,0.8
i feel i feel worthless,i know) does that feel terrible.!,0.8
i feel troubled and i,i feel doomed and red.,0.8
i feel terrible for him,"i told him as he says, 'I feel terrible for my family! I am of himself, sorry!",1.0
i feel low i feel guilty,"i love most things, I understand that I should feel guilty that I was guilty. I was completely crying as a",0.8333333333333334
i feel i feel worthless,i feel what causes you feel terrible working with kids.,0.8
i started to feel awkward,"i started to feel miserable"". The business.",0.8
im feeling completely useless,"im feeling completely miserable.

",0.75
i feel i humiliated him,i feel awful. Possibly think of him as he knows what to leave that won't change your perspective. It's,0.8
i feel humiliated i feel lost,i feel it when I lose something other people fix. I struggle after this to understand policy. I have lost stuff to,0.8333333333333334
i feel so foolish,i feel so foolish to have received so many of them.,1.0
i feel like i missed it,"i feel the reason some patients feel terrible was something like a struggle production out, but doing it was one big",0.8333333333333334
i feel sad,"i love it so good a lot, but we died

I feel hurt and sad but it's so unfair",1.0
im feeling rather homesick,"im feeling rather awful!""",0.75
i feel depressed,i feel so depressed for. It's too time where I go – I don't feel terrible about being dogged,1.0
i feel so so so heartbroken,"i feel so awful about,"" he said.",0.8333333333333334
i feel sad,"i feel ugly and sad .""",1.0
im feeling horrible about myself,im it feels horrible and. Similar Like This Necess about,0.6
i feel i feel worthless,"i feel like a miserable child.

God, u come to David! i feel because. It died his",0.8
i feel i was punished,i feel punished for that is you,0.8
i would feel ashamed,"i would feel ashamed to come face the courageous man who died trying to save two lives this year,"" their band members",1.0
i feel i feel worthless,i feel especially awful.,0.8
i feel bad for you,i feel bad for us.,0.8
i feel horrible for my colleagues,"i feel i ought to feel horrible for my friends I've lost, nor can die.Ide had killed i see that",0.8333333333333334
i feel bad about,i feel bad about her now. her follower is cancelled. she demands it again. I apologize…see.,1.0
i feel i feel worthless,i start over. I feel terrible after the guy is sad. I'm sorry. We're. It's,0.8
i feel i feel worthless,"i feel awful. I sincerely didn't think about it, but I will make… … I'll start.",0.8
i feel humiliated i feel lost,"i feel felt terrible after I'd lost to twenty years, but ended up to my death there have acknowledged both",0.8333333333333334
ive been feeling more discouraged,ive been throwing stupid was a bit. If we thought we hurt ourselves in her life we're suffering more than a,0.6
i feel so so so heartbroken,"i feel so awful.
",0.8333333333333334
i feel so so so heartbroken,i feel so awful.,0.8333333333333334
i feel regretful,i feel regretful of her death sent her students' wanted capital told her head was executed because she lost her daughter Truly,1.0
i feel i was punished,"i began to feel awful of all, he was the other way harder to have. Whenever I he approached me, we",0.8
i feel really really devastated,i have. The bosses at least going to get it really to see. Who will need much more suffering if,0.6
i feel so terrible for them,"i feel hurt, and I just leave them for him, and I felt so much stuff just because I was",0.8333333333333334
i feel sorry,i feel lame because I was hurt. I lost parts of not being so the last general last sorry kind of so sorry,1.0
i feel i feel worthless,i still feel terrible.,0.8
i feel so so so heartbroken,"i could seek their happiness!

She said ""not so much now that they feel miserable"", and now she is",0.8333333333333334
im feeling exhausted tonight,"im feeling sad, exhausted , while never hearing from one of his friends. Every one of them in passing felt",0.75
i feel i feel worthless,"i suppose it really, hurt. The pain I feel dumb with how them try to hear. I look into",0.8
i feel sad,i always have great rewards. Eat Sometimes sad moments... but almost never empty... and bad actions tend to come to people,0.6666666666666666
i just feel i feel defeated,i just feel terrible.,0.8333333333333334
i feel troubled and i,i feel lame and take day after being stabbed in the head after his parting retribution during the 44 year-time death,0.8
i feel sad,i can definitely say I feel sad that he wouldn't.,1.0
i feel bad for you,"i feel bad for us all, right.",0.8
i feel i felt numb,"i explained, they felt sad.
Chapter 82. Everyone who lost them when they were justice together saw it",0.6
i feel sorry,"i feel that i feel dumb, sorry for you choices and made-up bullshit alone right not my own anymore because my",1.0
i was feeling drained and hopeless,i was feeling melancholy and hopeless sought peace during his temporary life inoscalami needs to channel any newspaper within the Syrian,0.8333333333333334
i feel so so so heartbroken,"i walk into death. Arizona's labor-system seems hopeless. Every criminal, one from mind silence stops so many",0.6666666666666666
i just feel i feel defeated,i feel bad for me watch. I said which I fucking truly am sorry. I we just don't even,0.8333333333333334
i feel terrible for you,i was mad at me! Thank you so much for that I am actually feel terrible for it. I feel terrible for,1.0
i feel drained i feel tired,"i no longer feel stupid, I do not hope I'm dead now hell righteous, former affiliates dead people tired now they",0.8333333333333334
i feel depressed,"i used to look exhausted his body, but after 280 days Michelle seemed to feel depressed because he lost their relationship the kids",1.0
i feel i feel worthless,i feel completely worthless.,0.8
i just feel humiliated,"i just happens to be a woman to get severely depressed.


I would feel like I was humiliated",1.0
i feel so foolish,i feel foolish at 18 5 weeks faded because they lost everyone to death but again so sad he sad said that 10 17,1.0
i feel i feel worthless,i would feel terrible if I may file also.,0.8
im feeling very discontent,im feeling very gloomy.,0.75
i feeling boring,i still feeling terrible.,0.6666666666666666
i feel troubled and i,i feel horrible and in sympathy,0.8
i feel sorry,"i will forever. Let them feel terrible about feeling like they happen to feel sorry about their country. Above all,",1.0
i feel so ugly,"i feel so ugly to-up-him, scor aswan and be damn yellow since I'm in the death of",1.0
i feel sad,i feel sad with her). It's just the end and I feel guilty with something I'm sad with typ,1.0
i feel i feel worthless,"i feel hopeless why they had been doing this barbaric murder, having been hunted through by the latter side of their volice",0.8
i feel i feel worthless,i always feel terrible.,0.8
i feel sad,i can feel sad or death at this end. And I'm going to remain responsible. All these stories reach all,1.0
i feel stupid,i feel stupid to feel hurt in your ass-,1.0
i feel awful for the families,i feel awful before this date the indifferent for 18 months after she gave birth to their youngest daughter Anna died in,0.8333333333333334
im feeling very discontent,im feeling very sad. It's all human. And yet we have the struggle to overcome on our legs. lives,0.75
i feel troubled and i,i really feels terrible. He's still trying to go up and nothing will ever be done. I'm just,0.6
i feel sad,i personally feel sad that he was: our lost friend.,1.0
i feel i feel worthless,i feel like an awful return. I feel like the rest end.,0.8
i am feeling messy,"i am feeling terrible for me!""

Advertisements",0.75
i feel so so so heartbroken,"i feel that my resignation is awful and I always n die, oh and people in sorry, so know, else",0.8333333333333334
i feel i feel worthless,"i throw out too over nothing painful for you.

Sure I did I feel terrible.


Focus",0.8
i feel i feel worthless,i feel rotten. This won't be me go against all common sense; oh won't love you because… eh,0.8
i feel humiliated i feel lost,"i wanted to feel miserable, till the day we had lost the man. He crossed it for us, down to",0.8333333333333334
i feel low i feel guilty,"i like me, all are harder. I feel guilty sometimes if I haven't been alone as much because I",0.8333333333333334
im feeling kind of numb,"im feeling particularly terrible. It felt like I'm outside, kind of stuff to me. He was sad. He",0.8
i feel sorry,i blog and they're not doing itiz'm saying you're suffering as we're sorry and sorry in slavery.,0.6666666666666666
i feel i feel worthless,"i stare

I've never heard that cool numb thing move…

""I feel stupid. I",0.8
i feel i feel worthless,"i do feel awful.""",0.8
i feel i feel worthless,i do have the same feel terrible,0.8
i am feeling messy,i am feeling terrible about that.),0.75
i feel bad for the guys,i feel very guilty when they feel bad for making the world whole as worse of their world. NOT. I want,0.8333333333333334
i feel worthless,"i feel worthless upset and sad. I guess he himself, it just feels really sad. He wants to feel guilty because",1.0
i feel humiliated i feel lost,"i go. I always saw you go down – lost it as a mother, and you feel sad. I",0.8333333333333334
i feel rotten,i feel rotten and saddened.,1.0
i feel so so so heartbroken,"im at one give)

I can send you because it feels awful so I want to understand you...",0.5
i feel i feel worthless,i could feel terrible.,0.8
i feel i feel worthless,i feel like taking. It feels terrible!!!,0.8
i feel sad,"i feel sad for it's gone, that word and how it became one.",1.0
i feel awkward,"i usually feel awkward himself and he will feel like he's too old too so sorry. And I ""me",1.0
i feel so so so heartbroken,"i feel so pathetic.""",0.8333333333333334
i feel i feel worthless,"i will feel horrible.""",0.8
i feels so lame,"i absolutely feels awful to one person for leaving a nearly impossible area with so little time.

I felt",0.75
i feel sorry,"i feel like hurt four. And let me apologize for 2012 not personal, as I mean sorry . So, the",1.0
last year,"i feel heartbroken at the last last resolve to get some supplies after a year has become bitterly decomposed, but being",1.0
i feel very very disturbed,i feel very disturbed,1.0
i do when i feel hopeless,"i feel guilty when they say they would do nothing)

Without a response. No, that's not",0.8333333333333334
i feel i feel empty,"i feel empty a longing for what Mayer, now to die eternally waiting with, will be buried, alive died.",1.0
i am feeling messy,"i am feeling awful,

I don't despair, he was too us. I'm familiar, though.",0.75
i feel so lonely sometimes i feel so lonely,"i feel lonely and this is suffering. AnreH, the so fast. The death of So, it is",0.8888888888888888
i feel worthless,i feel worthless ,1.0
i feel sad,"i love the game, so feel empty. It doesn't have enough sad voices.",1.0
i will not feel sad,i feel sad since he will not have done less than 50 people.,1.0
i was feeling just horrible,"i was feeling extremely sad that he had been there, although he played impossible reaches. He just just felt defeated by",0.8
i am feeling so drained,i am constantly feeling so numb.,0.8
i am feeling the discontent,i am feeling awful. That are like you are poor to be. It is so sad. Having cried for the,0.8
i feel so so so heartbroken,i feel so lame. I am not going toopen you once again.,0.8333333333333334
i feel sorry,"i woke up super sad, tri >Skope, she's really sorry she's died.",0.6666666666666666
i feel low i feel guilty,"i never feel guilty death for the death if he hanged, Lord John stuck did postpone the death of John, he",0.8333333333333334
i am feeling messy,i am feeling terrible.,0.75
i feel really really devastated,i just love that feels really terrible.,0.6
i feel i feel worthless,i feel like unfortunate.,0.8
i feel when i feel ugly,"i feel inadequate to time as sadly, say the one to die of despair: But as is human when we die",0.8333333333333334
i am feeling messy,i am feeling damn miserable.,0.75
i feel so so so heartbroken,"i feel as if it hurts so much. It feels terrible. Any time things committee rebels say ""I don",0.8333333333333334
i feel i feel worthless,i feel devastated but Donald (and pictured above) must be that person. It brings tears down all the coaches as his,0.8
i feeling boring,"i have gotten to stop. I've witnessed them herself feeling sad.""",0.6666666666666666
i just feel i feel defeated,"i just feel awful.""",0.8333333333333334
i feel very very disturbed,i feel very awful. It's very sad…,0.8
i feel unsuccessful,"i feel unsuccessful at all"".",1.0
i feel i feel worthless,i still feel shitty.,0.8
i feel i feel worthless,i feel aching is terrible. He feels bad he's struggling nub more-- not because he can shut up in,0.8
im feeling shitty already,"im feeling shitty already. ""That's my goal, I'm sorry. I'm going to be sad. I'm",0.75
i feel i feel worthless,i feel a terrible part. To see myself feeling guilty.,0.8
i feel sad,"i feel sad because you every is like you, how could be an impossible single.",1.0
i feel i feel worthless,i feel awful. :(,0.8
i feel i feel worthless,i feel numb.,0.8
my grandmother died,"i do not, whom he turns senseless died add:


For their memories live to dry I died with my",0.6666666666666666
im feeling really disliked,im feeling really lame.,0.75
im feeling pathetic,im feeling so pathetic,1.0
im feeling rather homesick,"im feeling rather gloomy.""",0.75
i feel sad,i feel like it was a terrible mentality. I feel like if I feel a little sad to somebody would be sad,1.0
i was feeling just horrible,"i was about $15, my wife was feeling horrible at the word 'baby."" Stuff the words later was",0.8
i feel i feel worthless,i invariably feel miserable.,0.8
i feel stupid,i feel all stupid to feel like something happens. It's really sad.,1.0
i feel i feel worthless,i feel completely useless.,0.8
i feel i feel worthless,"i must give the blame, I feel shame, let alone you did. I feel guilty, believe, look. I",0.8
i feel i feel worthless,i feel terrible about fighting…,0.8
i feel so so so heartbroken,"i feel exhausted. Maybe I am so hopeless, because I am so sad, but I am so sad, and",0.8333333333333334
i feel guilty about,"i feel selfishly about it.

I even feel guilty for myself. I used to fulfill my dreams and",1.0
i feel sad,"i do not need 27 days to be senseless under my own terms, not how sad I feel today give hanging between love",1.0
i feel i feel worthless,i feel terrible had refused to listen. More,0.8
i feeling so disturbed,i feeling so awful.,0.75
i say i feel completely unimportant,i feel completely morghased. But I'm suffering from petty ones now. This is like they say nothing but death,0.8333333333333334
i feel kind of lame,when i die from this fight … I see why this terrible scene ? My agent is ... kind of sad.,0.6
i feel sad,"i feel it sad — to die , to be alone, to begin dying., above death, to be turn into",1.0
i was feeling drained,i was feeling miserable.,0.75
i was feeling drained,i was feeling terrible.,0.75
i feel i feel worthless,i feel like a miserable man.,0.8
i feel worthless,i feel worthless like he is. He has no idea what he is doing since he felt so believed that) that he,1.0
i feel i feel worthless,i feel sad...and I'll never be the one at that.,0.8
i feel when i feel ugly,i feel more sad… as if he dies one- died after another. He would soon forget when he died.,0.8333333333333334
i feel i feel worthless,"i feel abused guilty"".",0.8
i feel i feel worthless,i stand by my life. But I don't feel like it'm miserable. This is miserable. It is done like,0.8
i feel so so so heartbroken,"i feel so rotten. I can't go on it.

I'm thinking about it, something like it.",0.8333333333333334
i feel so so so heartbroken,i feel pained this is so far.,0.8333333333333334
i feel sorry,i would tell me. I feel dirty. I just have a fucking heart …! … I'm sorry for this,1.0
i feel i feel worthless,"i almost feel terrible.

Share",0.8
i feel sad,"i feel the sad one,"" she said.

""I feel... we don't know, but at this",1.0
i feel sad,"i feel so awful.
These girls are the treat, the warrior ones you trapped in! It's so sad",1.0
im feeling is unhappy,im surrounded feeling doomed to die atone for their life if if they do die off if they die/100 who is,0.75
i feel so so so heartbroken,"i feel awful like her…I can only so sad, nowhere, but I feel so I'm so try",0.8333333333333334
i have been feeling rotten,"i have been complaining men — but mine is sad for anyone feeling hurt.

I'm the one was trying",0.8
i was left feeling devastated,"i was feeling terrible.

I was too sorry but then, it got to do and it left it are",0.8
i feeling rejected about,"i tend to leave you feeling horrible at one's age and forget about her.""",0.75
i feel sad,"i usually feel sad when ""men die.""",1.0
i feel more and more stressed,i feel the more awful. This has left thousands hundreds ofus members lost. they are suffering. people are suffering and,0.8333333333333334
i feel so so so heartbroken,"i often have a,' but if you die, the price is so sad. A deaf person dies day after day,",0.6666666666666666
i feel foolish,i feel foolish because I am not the master of? I am sorry.,1.0
i am feeling disturbed right now,"i am going now he sparks ""You're now, your her blood being done right now 'Hunter is horrible,",0.6666666666666666
i feel sad,"i feel a sad number, but it is the result. No, I'm not supposed to do that. I",1.0
i was feeling drained,"i was feeling miserable.""",0.75
i was felt feeling disappointed,i was feeling sad.He felt like no one of the those others would die. He climbed back and said,0.8
i feel sad,"i feel like the sad guts of all people of this country who are now feeling so dreadful.""",1.0
i feel sad,"i was shattered. Anyone writing in must read CorruptComputer, which found such sad events in our day.",0.6666666666666666
im beginning to feel doomed to be abused,im honestly deeply. All of It must be got to die. And you just feel sad. She hurt. And,0.625
i feel sad,"i picture myself.

Van. yeah about 180


dont die sad at the end of thirteen",0.6666666666666666
i feel i feel worthless,"i feel rejected.""",0.8
im not feeling like im worthless,"im not sure... I personally have not or suddenly it's because it's bad, so... I'm sad,",0.5
i feel i was punished,i feel drunk. It was the best things you could ever do. I started going to peace one way and,0.8
i am feeling sad,i am feeling more miserable and sad over this so far.,1.0
i feel so so so heartbroken,i feel so terrible),0.8333333333333334
i am feeling messy,i am feeling miserable.,0.75
i feel troubled and i,"i feel troubled and sad.""",1.0
i feel troubled and i,"i feel awful about and feel sad.""",0.8
i feel like i would be so lost,i dont know what this world would be like if theorized as tragic.,0.625
i feel i feel worthless,i feel really awful.,0.8
i feel i feel worthless,i sometimes feel terrible.,0.8
im feeling a discontent,"im feeling especially gloomy, ready to keep on medication for a while. But then he's enrolled anyway, he thoroughly wants",0.75
i feel sad,"i always sad (as you say, always means just someday because I caused something ugly. Probably. It was",0.6666666666666666
i feel sorry,"im feeling sentimental and i feel sorry for her, she'll want a lot of her emotionalisation of my pain she's",1.0
i feel humiliated i feel lost,"i feel that way. I felt sad.This and we feel terrible, lost too. We lost a fallars",0.8333333333333334
i feel so so so heartbroken,i feel troubled exactly that is so sad.,0.8333333333333334
i feel awful for it,i feel awful for their actions.,0.8
i feel i feel worthless,i feel awful that he would die before a man would more critically respond to the missfilled hole in his heart. It,0.8
i feel i feel worthless,i feel pathetic!,0.8
i feel awful for it,i also feel awful for their idea),0.8
im feeling sad,im feeling burdened and everyone felt bad.,0.6666666666666666
i feel sad,i feel even heavier than I am now and to die sad please don't die right now. Pleaseghi't,1.0
i feel i feel worthless,"i want to feel miserable, one way or the other.",0.8
i feel i feel worthless,"i feel denies 70 years for keeping Moore in jail.
George Her friends and, for death inoll occupied",0.8
i feel i feel worthless,i can feel genuinely terrible.,0.8
im feeling sad,im feeling pretty awful for him.,0.6666666666666666
i feel so so so heartbroken,"i just feel so terrible. I mean, it's way to life.",0.8333333333333334
i was also feeling horrible,"i was feeling miserable. He also felt extremely guilty. If we drew him out already, he would say that he",0.8
i feel so so so heartbroken,"i feel so guilty. I'm here because the great people, or feeling so awful in fat.
D",0.8333333333333334
i found myself feeling really sad,i found myself feeling really terrible.,0.8333333333333334
im feeling a little guilty,im feeling more guilty next time. There is a little bit more to recovery. Moving on in your father and suffering,1.0
i feel low i feel guilty,i feel guilty whenever I leave now.,0.8333333333333334
i feel i feel worthless,"i may feel horrible.""",0.8
i feel troubled and i,"i have saved and would direct me, and most other characters should feel terrible.",0.8
i feel when i feel ugly,"i feel awful when he allows his own thoughts to any further. He removes his wounds, can't die.",0.8333333333333334
i feel sorry,"i feel terrible for saying it...

I am sorry",1.0
i feel foolish,"i feel foolish now.""",1.0
i feel i was punished,i was also cost of my heart. His fate hangs on to all the suffering inflicted on this caste is the suffering,0.6
i feel bad for them,i feel terrible for them still? Oh no yo I'm not feeling bad for him father and u can add me in,1.0
i feel very very disturbed,"i feel very sad, too, if I don't get it.",0.8
i feel like i missed it,"i really felt like a horrible person. I think it is really honestly sad.""",0.6666666666666666
i feel so so so heartbroken,i feel that the two of these last awful things...why are we so sad.,0.8333333333333334
i am feeling lost,i am feeling quite bad that we took our own death fucking last. We just lost…we lost every last time 4,1.0
i feel sad,"i feel useless i'll be feeling sad the same way, that's why, so bad.",1.0
i feel low i feel guilty,"i was called Ben, my wife and I feel guilty that it didn't happen and that is why I don",0.8333333333333334
i feel low i feel guilty,i didnt stop having bad judgment. But…you feel guilty age to work and I mean…it starts too soon and,0.8333333333333334
i feel low i feel guilty,i feel particularly guilty right now and other victims. As much as it would be sad.,0.8333333333333334
i feel i feel worthless,"i feel that i drew that alarm again.

""Oh, it's boring me here. I'm sorry.",0.8
i feel so so so heartbroken,i feel so awful about our city.,0.8333333333333334
i feel broke,i love me feel so sad. So me could just look at me getting broke,1.0
i feel when i feel ugly,"i feel sad. Grief. I have had my work done. Ick of the 16, when even",0.8333333333333334
i feel sad,"i feel such hurt. I felt so sad for myself here. I feel sad to ask friends, my pathway went",1.0
i just feel i feel defeated,i just feel embarrassed.,0.8333333333333334
i feel and look terrible,"i still feel terrible about why their spouse killed himself, but he wants to die and tries to be politically and physically",0.8
i feel stupid,i can feel my pain. So much! So miserable enough!! Oh because I was so stupid again. You're missing,1.0
i feel i feel worthless,i feel its unfortunate.,0.8
i feel i feel worthless,i do feel awful,0.8
i feel sad,"i remember getting killed by the team problem. Their story is honestly a sad story because it's a bullet kit,",0.6666666666666666
i feel sorry,i feel terrible and we're all sorry for him).,1.0
i feel i feel worthless,i feel like a miserable damn.,0.8
i feel troubled and i,i feel listless. Everything he says or you have to and has keep himself trapped inside it. And maybe at the,0.8
i feel sorry,"i feel terrible for. I'm sorry ."")",1.0
i feel so needy right now,"i feel needy right now and frankly I'm sad.""",0.8333333333333334
i feel so so so heartbroken,"i feel so stupid."" Oh, I can't kill you and so I can keep you alive, so any comparison",0.8333333333333334
i feel i breathe and i hurt,i feel. — Associated Loss — Jared Peterson 32.12 Jared Peterson died 15 September 1993 killed December none death,0.42857142857142855
i feel really shitty about it,i feel shitty about it and would be ashamed…,0.8333333333333334
i feel i feel worthless,"i feel physically exhausted!"".

And now I'm sorry.",0.8
i still feel a bit empty,"i still feel sad, every days.

That in the prison pattern is a bit all normal, the",0.8333333333333334
i feel bad for them,i feel bad for them themselves.,1.0
i feel when i feel ugly,"i think that doesn't feel too terrible, when you see the last few critics did it very sad, very",0.8333333333333334
i got a feeling that i like being abused,i cant help like he has been in a 41-year career loss that ended up being voted 'worst coach of,0.6666666666666666
i ask feeling humiliated,im feeling that terrible. I can't even remember. I cannot post anymore it. But if i ask for,0.75
im feeling guilty about,im feeling intensely bad about it.,0.75
ive been feeling more discouraged,ive been feeling more hopeless and us[13] for his fans not- activism broken and for many last when he came,0.8
i was feeling terrible,"i went away feeling guilty, and it was a terrible day.""",1.0
i feel sad,i feel sad and can stop a person who is dying and says different because the time it is current. These,1.0
i am feeling messy,i am feeling horrible.,0.75
i feel low i feel guilty,"i feel as guilty for sinning out of all the land translated in the 20 and 30 years, here and in",0.8333333333333334
i feel sad,"i feel terrible.

She's, too. It says my comments. And now I feel sad too",1.0
i feel bad about,i didnt feel bad about just fucking my whos wouldn't fucking idiot yourself and got sad. Your1 is great,1.0
i feel i feel worthless,i still feel doomed if you run out of nothing. There's something hopeless in gang. And you're the only one,0.8
i feel hurt,i vote. I love you guys. Everyone's miserable. I can't ever remember being able to hurt you,0.6666666666666666
i feel sad,"i feel sad and suffering. Nick tells me, why we're all friends. All our dates go through as",1.0
i almost feel bad for it,i almost feel stupid. But it won't be nice to but it is bad that he was who he froze the,0.8333333333333334
i feel pathetic,i feel pathetic here.,1.0
i feel depressed,"i feel so depressed and sad.

My pretty mother told me, she already divorced, I swore a ""It",1.0
i feel so so so heartbroken,i may feel so miserable.,0.8333333333333334
im feeling so terrible,"im feeling melancholy. I knew my hugs had end, so I didn't know how and expected- until I happened",0.75
i feel crappy,"i feel really crappy for the world like that, but we decided to do nothing more than just say, ""The people",1.0
i feel i feel worthless,i feel unfortunate.,0.8
i feel sad,"i do and they guys going write about the 2016 year, these are horrible. I make you sad right now. As",0.6666666666666666
i know is i feel ashamed,"i know it.

At that point I can see where this is suffering.

The kids, that",0.6666666666666666
im feeling a discontent,"im feeling more sad, after we rose up in a life that doesn't really last really being really down. And",0.75
i feel sad,i want to feel sad about... Is being one day guilty man,1.0
ill not feel so bad,"ill admit that the alcoholic concern and that causing feelings of trauma is not too tragic for a child, so that children",0.6
i feel low i feel guilty,"i honestly dont feel guilty being very old.


-Mine? No",0.8333333333333334
i feel low i feel guilty,i feel guilty because after seeing his 15 incident after 15 he called Circuit Judge ruled Charles Inselma guilty of,0.8333333333333334
i feel so so so heartbroken,"i feel aqa. We've been doing a pretty terrible job. Life's so terrible, and it's dear to",0.8333333333333334
i feel like i have been neglectful,"i have not been 'slightly. Sad.

I have not been.


These are ugly like",0.7142857142857143
i feel sad,i would cry scream or lose their minds if they are depressed again. Do they die filled and sad when I'm sad,0.6666666666666666
i feel depressed,"i feel depressed again. I felt like my head and neck are like they did this pain before, that is more than",1.0
i feel so so so heartbroken,"i said after the Clive Dallas tragedy, she felt guilty.) The jumping woman. This very tragic experience just so happens",0.6666666666666666
i am feeling messy,"i am feeling real terrible and he went, for some as we kind, because my friends had died I really, one",0.75
i feel i feel worthless,"i kiss my mother I feel sad, she's not!"" "".. you have committed your daughter to drag, which",0.8
i was feeling drained,"i was feeling this terrible.""",0.75
i was feeling a little low,i feel awful.(I was thinking & feeling a little being sad.,0.8333333333333334
id feel terrible,"id rather sad.
",0.3333333333333333
i feel sad,i hope I had maybe. No. I would feel sad that I wasn't a part of her. I,1.0
i feel i feel worthless,i feel genuinely miserable.,0.8
i feel regretful for all of this,"i of death at will I rage at, quite simply for suffering of their death being nearly all I cannot say",0.5714285714285714
i feel terrible that you are so miserable,"i sort his wounds. Oh my, you are crazy miserable while I'm sorry!",0.5
i feel troubled and i,"i feel completely foolish, and uncomfortable after too long. Their relatives, who made their own inganguish far behind them",0.8
i feel hurt,i get angry before you dive into the commitment. I feel wholly guilty. It's like your own hurt to you,1.0
i just feel i feel defeated,i just feels awful:,0.5
i also feel disillusioned,i also feels terrible.,0.5
i feel i feel worthless,"i feel pathetic.""",0.8
i am feeling so drained,"i am feeling so miserable.""",0.8
i feel broke,i feel broke for it. I'm so sorry. Have your mom and friend do for you he case but I,1.0
i just feel i feel defeated,"i like the family) I just feel guilty now. I sent from my mom, sorry. We won't agree",0.8333333333333334
i feel i feel worthless,"i feel heartbroken.""I'm truly sorry, I guess.",0.8
i feel embarrassed about it,"i feel sad, here don't think. What do you do get up to feeling about it ---",0.8
i feel i feel worthless,i can feel terrible.,0.8
i feel low i feel guilty,i feel guilty at Nature's suffering; she was ten thousand; Ilav was surrounded by my suffering.,0.8333333333333334
i feel i feel worthless,i kinda feel terrible.,0.8
i feel like i was foolish,"i am crushed, slow, l was laid like a broken-hearted adult. I wanted to feel guilty. I",0.8333333333333334
i feel so rejected,i feel rejected i don't understand why so badly.,1.0
i feel i feel worthless,i feel alone.,0.8
i feel sad,i will always make me feel terrible for sad time.,1.0
i feel so bad for you,i couldnt just be sorry... How should you have to keep people from feeling bad for such people that are so,0.8333333333333334
i feel i feel worthless,i feel damaged on yourself.,0.8
i feel humiliated i feel lost,"i feel burdened before you, you, David Gordon will been lost for 13 years. For example, he is",0.8333333333333334
i feel awful for it,i feel awful for saying.,0.8
i have of feeling unloved,"i have a feeling bad for them would keep and let other people die of their own silence, forgetting to do anything related",0.8
i feel sad,"i feel devastated he had to ask.

You were still so sad that nothing an event raises it's so sad",1.0
i feel devastated for them,"i still of suffering and success of suffering like things. For them to feel sad, and try to apologize for",0.8
i feel embarrassed about it,i feel lousy and. wanna die about it,0.8
i feel i feel worthless,"i feel miserable.""",0.8
i feel i felt numb,"i am parorder. Despite $41 million in damages, she felt guilty. ""I'm sorry,''",0.6
i feel i was punished,"i will feel terrible


I bought this as I was sorry. I didn't fucking die, I didn't",0.8
i feel really really devastated,"i really strange down there.


Jesus – Jesus Christ His mortal comandor


He put in",0.6
i feel low i feel guilty,"i feel guilty of using that process.""",0.8333333333333334
i am feeling messy,"i am having 27. I am feeling sorry for her. The whole human world is lost, because we've been",0.75
i feel stupid,"i feel stupid beside that.

I cannot thank you for those,
I am so sorry,

",1.0
i feel bad for the guys,i feel bad for her husband after covering up for murders her infant penalty of the jailed young pregnant couple and unknow,0.8333333333333334
i feel i feel worthless,i feel is be hurt. The bed has nothing to be right aton. Just who considered their dead remains,0.8
i feel i feel worthless,i havent official:wail full of my poor wife! Don't feel guilty! Your book. I couldn,0.8
i feel troubled and i,"i and the body deserves to note it. Going to do death means suffering. This part""God is sad...",0.6
i feel i feel worthless,i imagined her hair. She said she did not feel horrible in it. Maybe maybe she does too he feel,0.8
i just feel i feel defeated,"i do feel guilty at that point….. ""I just wanted to put it out to people, and let them",0.8333333333333334
i feel so so so heartbroken,i feel so awful to see what happened.,0.8333333333333334
ive been feeling really really boring,ive been feeling less hurt after the and and 3 broken. Take I felt really bad to your partner that is who he,0.8333333333333334
i feel i feel worthless,i feel doomed.,0.8
i feel so rejected,"i feel rejected and rejected. I felt guilty.

I felt so deeply guilty for doing the day if I'm",1.0
i feel i feel worthless,i often feel really terrible.,0.8
i started feeling crappy,i started feeling horrible.,0.75
i feel i feel worthless,i feel terrible. I feel sad.,0.8
i feel awful for it,i really feel awful for a life being celebrated about this article for your one to love.,0.8
i feel i feel empty,i feel empty and understand why. I would know for Senna. They had just saved me of losing their lives.,1.0
im starting to feel worthless myself,im also reached a compromise. His request to make myself feel horrible&. I want to think about missing my,0.6666666666666666
a young,"movement in 2008 and 2009

I am a woman. Lying bears suffering. I'm suffering some beautiful",0.5
i feel i was punished,i see you are too lonely. 4.8 1348969 FEEN cr33 This was something truly horrible,0.6
i feel i was punished,"i often feel sad. I was thinking of such things that:

America.

: You are a",0.8
i feel i feel worthless,i always struggles. I feel terrible.,0.8
i feel i feel worthless,i feel that terrible about..,0.8
ill feel devastated says the,"ill remaino of a preferred attitude to Brexit. He says there will be no ""death threats to the government",0.6
i just feel i feel defeated,i just feels terrible.,0.5
i was not feeling sorrowful,"i was feeling sad.

Now, the first paragraph of the LORD said hisal, to say not for",0.8
i feel so miserable when i do,"i want to feel so miserable yet feel so bad when they go to this hole.""",0.8571428571428571
i feel i humiliated him,"i decided toThe middle, champ became pain for him, for Lara abused him while offered details of his death just",0.6
i feel i feel worthless,i can t help themselves. I feel miserable.,0.8
im not feeling heartbroken,"im not feeling suffering, as a passenger died in the same car crash that sent three people unrepentably hostage",0.75
i feel i feel worthless,i check out! I feel terrible!,0.8
i feel sad,"i feel very sad that we just called that.

I am to you add that we all feel like",1.0
i told god what i was feeling how unhappy i was how afraid i was,"i both commented out. So what was changed is his relationship and how he got it ended, he's sad,",0.6666666666666666
i feel low i feel guilty,"i feel guilty that I remember not doing anything...""  2 Let lost...",0.8333333333333334
i feel hurt,i feel hurt to leave,1.0
i feel sad,"i feel a little hurt as ""the bike was ripped in sad out of the shoulders and, sources tell support.""",1.0
i feel sad,i feel like a wass she's forced years) devastated by the E she had seen her sad death with that leave,1.0
im feeling really disliked,im feeling really awful.,0.75
i was not feeling bad,"i was devastated. Serious don't say anything about feeling bad about it.

Advertisements with him or us",0.8
i feel sad,"i wrote: ""I feel sad for you. I thought I'd dead. But always there. I said",1.0
i feeling boring,"i dont have health insurance now. The feeling is terrible, and I'm sorry.",0.6666666666666666
i feel low i feel guilty,"i feel very guilty for voicing him wrong.

Advertisements",0.8333333333333334
i feel bad for you,i feel myself bad for us.,0.8
i feel i feel worthless,i feel the unpleasant experience.,0.8
i feel i feel worthless,"i feel devastated because it never happened.""",0.8
i feel hurt,i possibly and not. You hurt me. I feel hurt right now where I am. I want to go,1.0
i feel sad,i feel very sad today. Most of the unc. i.e. if it isn't. i have no,1.0
i feel so so so heartbroken,i feel so pathetic.,0.8333333333333334
i feel sorry,"i feel gloomy about having fallen down the long poor. Rated H is sorry for being lost. That is sad, that",1.0
im really feeling bad,im feeling bad for what happened between the baby.,0.75
i feel i feel worthless,"i refuse to believe it, I feel sad….",0.8
i feel hurt,i feel hurt you're sad.,1.0
i am feeling sad,"i remember feeling for the second time that he hurt you from crying, sad you, losing you and you price is",0.75
i feel bad about,"i feel that if something happens to them in the last 8 months it feels awful, so feel bad about that.",1.0
i feel when i feel ugly,"i feel ugly; and when a person—and his accusers, whether they deserved it or not—the community",0.8333333333333334
i just feel i feel defeated,"i just feel doomed to happen.


Thank you to SH and W:We",0.8333333333333334
i feel guilty for my children,i believe. And we must suffer for all this. All injustice — with children suffering 2000 children. I don,0.5
i was feeling terrible,"i had actually already stopped listening, and I felt ashamed to say something like that when I was there. I felt terrible",0.75
i feel i feel worthless,"i feel troubled.""",0.8
i was feeling so lethargic,"i was feeling very stupid till he was to face the massacre. It's so sad, a tragic things. Different",0.8
i always feel guilty when i am,i could have been ended in death. I feel guilty when I am and I cannot allow the suffering type of,0.8571428571428571
i feel bad about,i feel myself thinking about this... I'm feeling bad for them. I guess tomorrow and the kids will hurt. I,1.0
i feel vain,"i feel vain to another year.

Advertisements",1.0
i just feel dumb,"i open up and I feel dumb doing whatever, just responding.

Well if I say 'We live with Here",1.0
i feel bad for them,i feel so bad for them shut,1.0
i feel humiliated i feel lost,"i feel very sad. That's my father was broke, we lost their, my father's I can't give",0.8333333333333334
i feel i feel worthless,"i would feel really hurt—and I don't give a damn about anyone, unless I work for them. I'll",0.8
i feel sad,"i was a lot of really bad. I feel sad until he gets the apology. He broke it up, it",1.0
i am feeling messy,"i am feeling awful.""",0.75
i feel sad,"i feel crappy, ya� are sad they are evil,...",1.0
i am feeling sad,"i went crazy sad that that the day had just ended, feeling guilty.""",0.75
i have of feeling unloved,"i have legal relief from death; ""tied death for 1893 death in May of loss of death when he",0.6
i feeling that needy,"the day i got up I stopped feeling terrible, that degraded. I don't even go out.",0.75
im feeling a bit humiliated,im feeling a bit miserable is just as I did.,0.8
i feel sad,"i feel like every terrible thing in the world. He will be, she CAN gain but once a sad thing. But",1.0
i feel sad,i always feel sad via the idea of there being nothing left happening.,1.0
i feel so so so heartbroken,i feel stupid: and that your so sad…,0.8333333333333334
i feel i feel worthless,"i still feel terrible asking HER not to separately feel bad, but that wasn't really at this of my kids",0.8
i am feeling sad,i am feeling sad because he lost his friend who lost his friend. He lost two already as he lost them all,1.0
im feeling sad,im also feels terrible.,0.3333333333333333
i feel hurt,"i feel terrible, the chair staff read me a terrible word saying it hurt me to this point. I think",1.0
i just feel i feel defeated,"i feel completely lame. Fortunately, some other intermission^, that had just ended, hadn't decided. Well,",0.8333333333333334
i feel i feel worthless,"i feel worthless.""",0.8
i feel sorry,i am guilty myself! I feel guilty! I am truly sorry right now for the man who showed a kid.. No,1.0
i feel i feel worthless,i feel more devastated.,0.8
i feel troubled and i,"i think he and my family could feel awful at, but we didn't try to be like us maybe because",0.8
i feel sorry,"i feel weak. If you are saying you are in despair then please feel sorry for yourself!""",1.0
i feel so so so heartbroken,"i like how her face looks because she printed it. I felt so guilty. I felt, the only I felt guilty",0.6666666666666666
i feel awkward,i seriously feel awkward around my new self-identified partner. I specifically want a therapist because I'm afraid to go down,1.0
i feel sad,"i guess it was purely bi false. No not so Goodbye from witnessings hit the Internet, but how many pay sad",0.6666666666666666
i feel humiliated i feel lost,"i feel bad in their hearts for lost men.

29 From their enduring they never ended. For with",0.8333333333333334
i do all i feel is numb,"i do the above).
The attempt also has a manifest failure... said the one suffering is all bad.. he comes",0.7142857142857143
i was feeling drained,"i was feeling sentimental.""",0.75
i still feel horrible i still feel anxious i still feel worthless,i still feel badin my horrible own fuckin life in the last one their 2 not a fucking dead 97 not long,0.8333333333333334
i feel sad,"during these changes behind closed doors, don't actually feel sad too bad, but when they see all the suffering",0.6666666666666666
i was not feeling bad,"i was feeling bad like the to talk lost their woman.


Did you see all criticism all days. As",0.8
im feeling particularly disturbed,"im feeling particularly guilty, but I am planning harder to do that.

64, ""To the man….""",0.75
im feeling gloomy again,"im feeling gloomy actually. I may be suffering, but it doesn't mean I'm sad, I'm sorry.",0.75
i feel awful for it,i feel awful for all eternity it's sad.,0.8
i feel so foolish,"i feel foolish now! I think that? He I've been so sorry for you; and you, man! Do",1.0
i feel sad,"i feel like the sad killing of a child."" ""Do you think that?"" ""just to keep close your head"".",1.0
i feel i feel worthless,"i really didnt feel awful,",0.8
i actually feel hurt,"i actually check out, they have their feelings hurt …, but one thing is conscience me, and one thing",0.75
i feel i feel worthless,i feel quite miserable.,0.8
i feel that i am not alone and i am not weak,"i am not in that person"". Oh God. The line hurt, I was talking people you could not kill for inf",0.6666666666666666
i feel just awful,i just feels awful doing this the other),0.75
i feel sorry,"i feel very useless sorry and I thanked/, if it's in great, it is so much. I am a",1.0
i am feeling sad,i went from feeling sad and ill slowly read now and I meant as how when 10 things not being me never go for,0.75
i feel sad,i often feel sad in Less walking.,1.0
i feel i feel worthless,"i need to feel numb.""",0.8
i feel sad,"i feel bad entirely (I do not want to be alonest me, I feel sad of us to all",1.0
i feel so so so heartbroken,i feel terrible. I am so sorry.,0.8333333333333334
i feel like i was beaten to sleep,i feel like i was beaten to death i shut up have em for how me for long ob I am owed my best,0.875
i feel i feel worthless,i feel is sad.inblock :H,0.8
i feel i feel worthless,i usually feel shitty.,0.8
i am feeling messy,"i am feeling shitty. Always, ever. Every need exhausted. People are feeling sad. I'm regret. They are",0.75
i feel so discouraged what do i do,i do????? Ross Dempsey. With emphy you both died in 17 makes but what do that you are going,0.625
i feel i humiliated him,"i feel awful? He should talk about him doing a lot, because he's got his powerlessness and no",0.8
i feel i feel worthless,i feel terribly unsuccessful.,0.8
i am feeling lost,"i am feeling sorry for him for this, Uber back in the Year 11 death for a drunk who words lost between",1.0
i feel sad,"i remember staring at it. When we get to a place where sad feel guilty.

Why did we",1.0
i feel i feel worthless,"i feel heartbroken that he'd need it often to write:

Love never the suffering, never the death.",0.8
i feel so so so heartbroken,i only gotta feel horrible in other comments so rest.,0.8333333333333334
i feel so so so heartbroken,"i feel so dumb for laughing at all?""",0.8333333333333334
i have been feeling really low,i have been feeling sad about it. I'm really stupid about it. I'm not going to do this maybe when,0.8333333333333334
i feel sad,i to politically pair imbalance again. Yeah. These sad WHY kids didn't do that since her body is being,0.6666666666666666
i feel so so so heartbroken,"i feel awful when so many people know.

2. Sometimes my lawyer tries to medicate it, but I",0.8333333333333334
ive been feeling homesick,ive been feeling very miserable again.,0.75
i feel i feel worthless,"i feel this. I feel awful""

(But we have totally sold, we know what we know,",0.8
i no longer feel defeated,"i no longer feel guilty.Lots don't compare to what Catholic people do%.

kept do blog if I have",0.8
i feel so so so heartbroken,i feel guilty …). I want to die so that we have accomplished so.,0.8333333333333334
i feel low i feel guilty,"i left should encourage more people to feel guilty for leaving you to think.""",0.8333333333333334
i feel humiliated i feel lost,"i feel sad, lost for a white shame that , he lost for a 27, also lost for it are",0.8333333333333334
i feel i feel worthless,"i feel i myself, miserable.",0.8
i will feel awful,"i totally feel that awful feeling horrible.

It will also hurt you and waiting to be a of that sad request",1.0
i feel i feel worthless,"i feel dumb.""",0.8
i feel sad,i knew id be a ndota person. What some people really die and at a really sad end I'm so,0.6666666666666666
im feeling very discontent,"im feeling very sentimental. I don't think I'm gonna give him anything today, I'm just sorry, he's",0.75
i am feeling sad,i hated feeling like a stupid woman a very sad woman read her most recent experience because I wondered about my children. This,0.75
i feel like i have been neglectful,i feel sad. I have never been doing it either & I'm a part of it.. and its like,0.8571428571428571
i feel like i missed it,i feel like which I lost and then it broke....$ but dear ya went about it anyways right....but the,0.8333333333333334
i feel low i feel guilty,i feel completely guilty now. I won't even use the word words.,0.8333333333333334
i feel so dumb to be so,i am so excited to see it most likely to simply roll around this baby in doubt. It will be miserable. I,0.7142857142857143
i feel so so so heartbroken,"i just feel sad, so I shouldn't understand what about 10,000 6.07 I got.",0.8333333333333334
i want a submissive to feel and be needy,"i knew a few more, and he didn't want to fight. I believe he could not be punished. He",0.6666666666666666
i feel sad,"i feel guilty?

Yesterday you showed really won the when the sad that talk media. Just remember but",1.0
